horas_estudio,taza_asistencia,lectura_libros,ingeso_familiar,actividad_extraescolar,motivacion,rendimiento_escolar
6,98,2,92289,4,1,88.47
3,85,0,94021,4,0,80.61
4,85,3,88513,2,0,80.59
6,82,7,29874,2,0,82.28
2,86,2,60931,3,0,78.17
7,98,9,17674,1,0,84.18
4,87,1,60516,1,1,78.96
4,89,10,70686,2,1,87.53
6,99,9,79212,1,0,86.27
1,94,13,12426,2,0,82.11
2,94,6,78498,4,0,84.08
6,80,1,39943,3,1,82.09
2,99,8,76395,0,0,80.15
2,86,15,54816,3,1,89.60
7,83,12,14138,2,1,88.56
4,85,8,85945,2,1,86.45
3,80,19,14017,3,1,90.90
7,84,3,20451,2,0,80.11
7,80,9,72956,1,1,87.50
2,83,11,20278,1,1,81.92
5,81,16,53764,2,0,88.83
4,89,13,11134,2,1,86.84
1,84,13,72943,1,1,85.01
7,89,1,64318,2,1,83.64
3,80,19,70128,2,0,89.76
5,85,10,98056,3,1,90.85
5,92,15,31869,0,1,87.64
1,94,18,15039,1,0,84.39
7,83,5,31281,3,0,83.40
3,92,18,20442,0,1,87.33
4,99,4,83788,2,1,84.81
0,94,3,37586,2,0,75.18
3,87,14,63053,3,1,90.33
1,84,3,60489,2,0,76.28
5,94,19,93104,4,1,99.37
4,83,9,96346,3,0,86.51
3,91,2,77087,0,1,78.46
0,92,4,22625,3,0,76.43
0,81,5,44397,1,0,74.27
2,98,7,68671,3,0,83.27
2,98,6,76897,2,0,81.52
6,83,9,36149,2,0,84.11
1,83,5,70030,4,1,83.34
7,90,13,79906,4,1,95.96
3,84,3,15283,4,0,78.90
3,99,12,17610,0,1,83.56
7,90,19,53326,4,1,99.00
6,89,16,24924,0,1,88.69
5,87,6,86162,4,1,89.04
5,85,3,10869,0,1,77.35
6,85,13,11014,3,1,89.80
5,87,2,20103,3,0,79.18
2,94,4,92522,2,1,82.84
3,93,15,43458,0,1,86.37
6,90,19,92409,1,1,95.61
3,91,3,33248,2,0,77.56
7,92,1,99160,3,1,87.03
0,87,17,53516,0,1,84.85
2,97,18,39061,4,1,93.48
4,80,18,34170,1,0,86.84
2,94,16,18024,3,1,89.32
6,87,13,92214,2,0,90.05
4,90,18,95947,0,1,91.71
0,91,12,53803,1,0,80.70
6,91,11,29296,0,0,83.11
1,83,5,96664,4,0,82.22
3,95,3,28257,2,1,80.10
0,83,18,22855,0,0,81.32
3,84,15,95178,3,0,89.90
5,84,12,30025,2,0,85.11
1,87,3,14458,3,0,75.80
1,89,16,73610,0,1,86.24
0,96,0,80843,2,1,77.69
1,88,17,93961,3,1,92.14
4,98,19,59831,4,1,97.20
1,93,16,53427,4,0,89.00
3,87,14,48506,0,1,85.32
3,88,10,15668,2,0,81.46
6,90,12,57195,1,1,88.90
3,80,0,83233,2,1,79.14
6,93,16,34417,4,1,95.27
3,84,5,91982,3,0,82.57
4,100,3,20751,1,1,79.74
7,93,19,56218,0,1,93.68
6,83,15,17352,1,1,88.47
2,80,14,89052,0,0,83.25
5,98,14,98835,1,1,92.13
0,87,5,38927,0,1,75.54
3,94,14,51094,0,0,83.73
1,100,13,64122,1,0,83.73
7,94,10,39493,1,1,87.95
3,88,6,83539,0,1,81.35
1,100,8,41707,4,1,85.76
5,88,15,78814,1,0,88.54
5,89,4,17296,2,0,79.24
5,99,19,35398,3,0,93.26
1,100,9,45842,0,1,80.94
3,88,17,23261,0,0,83.97
5,82,2,86709,3,1,84.28
4,99,12,66704,4,0,90.21
6,90,10,77173,3,0,88.90
1,85,16,41781,1,0,83.38
1,81,12,23652,3,1,84.52
3,86,5,15103,0,1,77.17
1,97,16,35500,3,1,89.49
1,81,12,45529,2,1,84.13
5,96,18,28452,1,0,89.05
3,90,18,59393,3,1,93.31
5,91,9,41174,0,0,81.29
6,98,2,74450,1,1,83.31
7,86,13,45436,0,1,88.19
6,99,18,57406,4,0,95.99
7,85,4,73059,2,0,83.44
5,100,4,25954,4,1,85.97
6,80,19,92722,2,1,96.10
3,96,16,22356,3,0,88.28
0,90,9,12187,1,0,76.46
5,97,4,87243,3,0,84.79
7,100,3,45098,2,0,82.82
4,96,5,31225,2,0,80.33
7,86,3,13606,2,1,82.36
4,96,6,67620,0,1,82.32
1,99,6,42828,1,1,79.98
6,88,17,36489,3,1,94.17
4,96,2,24387,3,0,79.29
7,99,0,79463,4,0,85.08
1,87,3,81832,2,0,77.59
0,96,5,12591,2,1,78.01
3,86,8,58516,2,0,81.88
3,80,13,72061,3,0,86.98
3,92,11,76736,4,1,90.74
4,98,19,91257,0,1,92.97
0,98,3,71753,1,1,78.16
4,96,11,94774,0,0,84.81
6,92,9,21087,3,0,85.69
4,95,6,40816,2,1,83.81
0,87,2,33408,1,1,74.55
0,98,13,10136,3,0,82.87
6,97,9,27413,3,1,88.86
0,80,15,69500,3,0,85.42
7,93,15,94514,1,1,94.08
0,98,9,66358,1,1,82.21
3,94,12,76197,4,1,91.62
7,97,5,42854,4,0,86.73
7,81,11,86240,0,0,85.84
6,96,8,26322,1,1,85.12
2,97,12,16968,1,0,81.42
2,85,3,37518,1,1,77.19
0,98,10,61925,4,1,87.02
7,83,19,69848,3,0,95.29
2,80,17,11700,2,0,84.57
2,87,10,33199,4,0,84.11
0,86,3,54589,1,0,73.80
2,82,17,42115,4,1,91.48
4,89,0,71934,0,0,75.15
1,89,6,64316,1,0,77.66
6,98,5,15520,0,1,81.21
1,93,14,46455,1,1,85.32
0,81,17,96465,4,1,92.07
3,80,10,51605,3,1,86.24
6,97,19,24955,2,0,92.09
0,86,14,54049,0,0,80.23
7,87,15,23917,4,1,94.43
3,80,6,80293,3,1,84.74
1,82,9,88581,4,0,84.61
0,87,11,74925,0,0,79.17
7,94,13,80269,2,0,91.10
6,84,4,40954,4,0,83.72
6,82,17,82617,1,0,90.54
5,98,4,51458,3,1,85.56
7,80,2,99037,4,1,88.03
4,94,4,31113,3,1,83.25
2,87,16,53939,1,1,87.50
3,81,18,39345,2,0,87.66
7,82,18,56313,2,1,94.79
5,93,11,79166,1,0,86.17
2,93,8,57861,3,0,83.00
2,90,0,59298,4,0,78.47
0,95,17,57221,1,0,84.83
2,83,3,54942,0,0,74.01
4,99,9,13453,3,0,84.08
6,84,6,64935,2,0,83.43
5,100,0,53370,1,1,80.10
2,93,16,18328,2,0,85.41
0,95,1,25534,3,1,77.10
4,97,10,95280,2,1,89.48
1,86,8,94925,1,0,80.27
6,89,6,46320,3,0,84.45
6,86,16,59170,0,1,90.04
5,80,16,90201,1,1,91.43
6,100,1,18640,4,1,84.42
2,98,5,40049,1,1,79.99
0,95,13,15618,3,0,82.84
6,98,5,66053,1,0,82.67
6,83,1,11920,0,0,74.34
1,97,0,53937,0,1,74.58
1,81,9,79724,4,0,84.09
3,80,4,22207,2,1,79.09
4,94,1,75774,3,0,80.84
2,84,15,42972,3,1,88.84
6,99,1,20799,2,0,79.17
7,90,9,81088,0,0,85.02
6,89,1,38916,0,1,78.60
0,81,15,80463,1,1,85.56
3,82,15,86700,4,1,93.13
4,91,18,47158,4,1,95.21
7,99,6,94607,4,1,92.51
3,84,11,81696,1,0,83.52
5,84,14,71510,4,1,93.79
4,85,7,68692,2,0,82.51
6,88,5,71744,1,0,81.99
6,81,9,25810,2,0,83.42
4,100,2,15126,1,0,76.36
6,91,18,40009,4,0,94.39
2,82,16,10192,2,1,86.36
4,99,6,46413,2,1,84.46
3,91,19,22816,2,0,88.54
4,96,3,49082,1,0,78.32
7,89,13,75048,3,1,94.20
6,93,19,60940,4,1,98.69
2,96,14,42130,2,0,85.40
2,97,7,50142,3,1,84.68
5,98,14,46468,4,1,93.93
3,96,19,40698,4,1,95.14
1,93,13,20655,2,0,82.41
1,88,8,57897,2,1,82.52
4,87,7,40075,1,0,79.90
5,81,16,19359,3,0,88.62
0,92,1,52056,3,0,75.69
4,86,2,61831,2,0,78.69
5,88,7,69191,4,0,86.65
3,90,11,43272,2,1,86.08
3,93,0,24671,4,0,78.06
3,83,9,37048,4,0,84.15
3,92,19,86274,2,0,91.68
3,81,2,35963,0,1,75.54
5,84,5,53954,3,1,85.06
5,90,6,82309,4,1,89.14
2,85,19,10717,4,1,91.70
7,97,17,21676,0,1,90.98
1,100,10,14434,1,1,81.59
6,89,18,59810,0,1,91.80
3,83,4,14994,0,0,73.77
0,88,18,14234,4,0,87.13
6,85,10,79300,3,1,90.91
5,81,11,53949,0,0,82.38
0,96,9,47405,1,0,78.72
0,84,7,44872,2,1,79.84
0,85,8,52215,0,0,75.74
2,91,3,33185,0,0,73.73
5,100,4,53442,1,1,82.98
0,89,7,61759,3,0,80.17
3,100,8,51153,0,1,82.39
4,85,14,87535,0,1,87.96
0,87,14,12581,3,0,82.65
2,81,15,61717,1,0,84.19
6,91,13,12763,0,0,83.76
5,92,7,65480,3,1,87.81
7,100,17,48759,0,1,92.56
2,86,9,86067,2,1,85.35
0,89,19,35307,4,0,88.95
5,92,5,21064,2,0,80.42
4,96,11,86848,0,1,86.82
0,100,1,47548,1,0,73.37
2,93,6,46945,4,0,82.47
1,81,15,57937,2,1,86.88
3,90,2,16476,3,1,79.77
7,80,12,61756,1,0,86.72
6,98,2,12382,2,1,81.78
2,100,17,59683,3,0,90.21
5,83,10,97999,0,1,86.35
7,98,7,55276,3,1,89.81
7,100,5,43402,2,1,86.56
7,90,0,36946,2,0,79.32
0,87,0,89698,0,0,71.98
3,90,7,83933,3,1,86.59
0,83,4,32335,3,1,78.43
5,96,15,55095,0,1,89.13
0,86,10,89930,3,0,83.38
1,87,4,37197,0,1,75.69
3,82,3,32010,1,1,77.60
3,81,5,34123,2,1,80.47
5,94,13,97923,1,1,90.99
6,84,18,12890,4,0,92.42
1,80,8,18026,4,0,80.33
2,83,11,74925,4,1,88.84
0,94,10,78842,0,0,79.31
4,99,13,43665,3,0,88.39
0,98,15,19277,1,0,81.87
7,82,0,52239,1,1,80.24
0,99,12,57664,1,0,81.65
2,90,12,58008,1,0,82.72
0,96,1,24683,4,0,76.19
1,92,3,10670,1,1,75.62
1,90,5,99211,3,1,83.97
3,81,4,27889,4,0,79.94
5,88,2,65612,1,0,78.58
6,81,0,54535,0,1,77.86
4,100,3,88542,2,1,84.42
7,88,19,64319,2,0,94.07
0,88,1,31639,2,0,72.89
0,87,4,74712,4,1,82.27
2,96,2,26633,1,1,77.01
5,80,8,44660,4,0,85.43
1,90,19,78975,3,1,93.05
4,87,5,42172,0,0,77.13
3,89,17,69197,0,0,86.27
1,86,5,68847,2,0,78.31
7,82,18,21577,2,1,93.13
5,82,11,87299,2,0,86.94
7,97,10,30176,1,0,85.40
6,84,1,54386,3,1,83.17
3,91,14,73972,3,1,91.23
6,91,11,99791,3,0,90.79
2,98,11,51003,3,0,85.30
7,85,8,29996,2,1,86.64
2,81,1,96598,0,1,76.76
0,91,2,45931,2,1,76.97
6,98,11,45710,3,0,88.87
5,84,15,44693,2,0,87.96
7,91,0,45740,3,0,81.27
4,96,2,87241,4,1,86.12
3,96,19,86502,0,0,89.20
1,89,1,27374,4,1,79.00
5,96,8,86674,1,0,84.66
5,94,18,91471,2,1,95.70
2,91,14,55913,1,0,84.15
6,95,17,76025,2,0,92.91
7,98,10,54516,4,1,93.36
7,87,15,97796,3,1,96.53
0,100,16,36069,3,0,86.45
0,96,4,66233,2,1,79.86
3,84,11,94811,3,1,89.41
2,95,10,69049,4,0,86.59
5,85,14,49178,3,1,91.38
7,87,2,42821,4,0,83.62
4,97,0,61727,1,0,76.87
2,91,19,70935,4,1,95.15
3,94,15,26999,0,1,85.68
3,88,1,72522,0,0,74.85
2,92,1,48712,0,0,73.13
3,94,2,74551,2,0,79.11
2,89,7,50172,2,0,80.09
1,95,14,43722,2,0,84.43
2,86,6,20625,4,0,80.55
6,96,5,77165,2,1,86.84
2,100,8,86509,1,1,84.56
3,86,19,16859,0,1,87.30
7,93,0,51609,4,0,83.18
6,94,7,53307,0,1,84.07
3,100,2,31839,2,0,77.64
0,86,3,37216,4,0,77.27
0,88,14,62953,3,1,87.55
7,98,5,94481,1,0,84.99
7,95,14,70593,2,0,91.45
6,87,2,82075,2,0,81.67
1,97,13,59522,1,0,83.22
7,97,19,14886,1,0,91.13
0,99,13,17485,3,0,83.31
2,86,3,41455,2,1,78.91
3,82,11,26767,2,0,82.13
0,97,16,38453,0,0,81.97
0,89,6,86280,4,0,82.06
1,86,8,63442,4,0,83.07
6,96,2,61877,0,1,81.08
6,93,12,22226,4,1,91.82
5,82,14,32588,1,0,85.04
1,91,17,88976,4,0,91.23
2,92,18,41709,4,0,90.74
6,81,0,57788,0,1,78.02
3,82,5,98031,3,1,85.06
7,84,1,47019,4,1,85.21
1,90,13,54948,4,1,89.03
7,87,5,75133,3,0,85.88
0,91,13,76458,0,1,83.46
3,86,3,37526,3,1,81.11
3,94,7,83493,0,0,80.25
0,96,2,62198,1,0,74.40
1,83,18,53395,0,1,86.13
0,92,13,34031,1,1,82.96
7,97,19,85542,1,1,96.90
5,80,16,47701,0,1,87.96
3,95,7,35939,2,0,80.94
4,92,13,59145,0,0,84.16
4,89,5,30324,4,1,84.88
7,91,15,32867,4,1,95.24
2,81,18,10203,2,1,87.70
6,82,13,26544,1,1,87.38
0,89,18,25899,2,1,87.30
0,81,2,39063,4,0,76.16
2,92,9,13748,2,0,80.07
2,92,18,76629,0,0,86.67
7,97,8,90764,2,1,90.69
7,82,19,30884,1,1,92.85
2,86,12,35183,0,0,79.81
3,93,6,91570,3,0,84.13
7,99,13,81246,4,1,96.89
5,96,8,29259,4,0,86.22
7,100,18,45959,2,1,96.01
0,91,14,43457,0,1,82.59
7,95,19,95679,3,0,97.68
3,91,13,12103,0,0,80.86
2,94,5,75901,4,0,83.24
0,89,3,54535,0,1,75.04
7,86,7,26103,3,1,87.27
3,99,16,88278,2,0,90.29
5,84,8,22391,1,1,82.83
7,80,0,38901,0,1,77.97
3,96,19,91159,1,1,93.25
5,82,13,77914,4,0,90.80
2,92,10,60357,2,1,85.41
7,93,2,96908,2,0,83.91
5,97,8,48437,0,0,81.49
0,83,13,45503,2,1,84.08
2,97,8,85403,0,0,80.39
0,84,3,51258,0,1,74.40
4,95,3,43724,1,0,77.97
1,80,7,74286,2,0,79.43
7,100,1,84842,0,1,82.80
5,93,8,24908,1,0,81.42
1,94,13,60626,3,0,85.86
1,88,8,47228,1,0,78.18
5,94,15,33386,1,1,89.34
2,96,16,56754,0,1,87.06
7,83,15,38302,4,0,92.35
4,91,11,70815,4,0,88.93
0,84,2,94748,4,0,79.12
3,84,10,73344,1,1,84.79
0,90,13,45618,0,1,81.88
3,85,17,86234,2,0,89.57
0,86,4,71114,1,1,77.70
5,93,15,80130,1,1,91.48
4,90,19,35525,0,1,89.54
7,92,4,89818,3,1,88.74
3,81,2,24334,1,0,74.02
7,86,11,72767,3,1,92.37
7,99,0,16644,3,1,83.03
7,83,8,42933,4,0,87.55
6,87,8,53469,0,0,81.73
2,99,3,43687,3,1,81.70
0,100,2,62656,0,1,75.76
7,98,16,27375,4,0,93.98
0,92,1,75206,0,0,72.49
7,93,0,46607,1,0,78.63
3,89,7,93178,3,1,86.93
2,90,12,33993,0,1,82.52
2,81,14,54386,2,0,84.55
5,88,7,56287,0,1,82.68
6,96,11,96724,3,0,91.12
5,82,11,86312,4,1,92.16
5,85,13,85324,4,0,91.44
5,84,14,81196,3,0,90.43
5,84,14,80014,1,1,89.89
5,94,8,18210,1,1,83.59
4,96,18,20922,4,1,94.43
2,88,19,46289,4,1,93.69
5,82,7,43340,3,1,85.79
7,99,18,49850,1,1,94.67
2,96,5,66984,4,0,83.00
2,89,19,94178,1,1,91.77
1,82,18,21094,4,0,87.84
4,97,3,97959,0,0,79.32
5,97,6,43418,2,1,85.08
0,96,3,15741,0,0,71.46
3,82,11,82374,4,0,87.66
6,82,12,78798,2,1,90.60
7,85,2,80532,2,1,84.75
0,92,11,32164,4,1,85.74
4,94,1,45595,4,0,80.83
3,88,1,40257,1,1,77.13
4,83,8,24211,4,1,86.17
7,93,0,15232,3,1,82.39
2,84,7,77753,4,1,86.20
3,81,5,62691,3,0,80.88
2,90,5,99765,4,1,86.39
7,88,17,89768,1,0,92.42
0,82,16,35613,3,1,87.10
7,88,11,24026,0,0,83.53
0,82,5,63535,3,0,78.15
3,81,7,40908,1,0,78.41
3,91,18,62113,3,1,93.53
5,89,9,29610,4,0,86.29
4,88,0,56646,4,1,82.46
5,94,12,73185,1,1,89.09
4,87,16,82567,2,1,92.22
5,84,2,57574,4,1,84.51
2,90,7,46182,0,1,79.52
3,81,13,10570,1,0,81.26
0,94,2,29288,3,1,77.90
4,85,15,88824,3,0,90.65
7,87,12,39877,0,0,84.91
4,84,19,94425,4,0,95.13
0,95,16,10917,1,0,81.90
5,97,12,85602,0,0,86.14
4,85,5,74575,4,0,84.23
6,84,16,82518,1,0,90.01
2,95,13,49104,3,1,88.75
3,92,16,28062,1,0,85.30
0,84,7,26999,2,1,78.98
3,92,10,71845,1,0,83.09
6,96,19,19941,2,0,91.76
4,97,0,71169,1,0,77.32
4,87,6,33470,2,0,80.30
7,92,16,69821,3,1,96.39
6,98,9,96669,4,1,93.70
0,82,10,54435,2,1,82.26
7,87,8,14529,2,0,83.70
2,81,8,93055,3,0,83.53
7,87,4,22192,2,0,81.19
1,92,16,84102,0,1,87.03
0,92,8,82762,3,0,82.18
1,80,16,96795,0,1,86.49
6,85,18,44087,3,1,94.97
5,98,6,76677,2,0,84.38
1,95,8,14627,0,0,75.86
2,87,6,66541,2,1,82.36
7,80,12,78226,3,1,92.77
5,95,10,13255,2,1,86.32
7,88,13,67433,0,0,87.04
1,92,18,15213,0,0,82.77
7,90,10,29404,2,0,86.13
6,92,12,35380,1,0,85.65
5,100,13,29173,3,0,88.75
6,89,12,63027,3,0,89.56
1,83,0,33989,2,1,75.16
6,85,7,34519,1,1,83.75
2,86,11,32439,0,1,81.35
1,84,18,86949,4,0,91.18
1,90,11,24995,4,1,86.16
1,92,7,33559,2,0,78.63
0,98,7,99049,1,0,79.94
7,89,12,15021,1,1,87.74
0,89,11,31119,3,0,81.57
0,90,15,61539,0,1,84.08
2,100,0,49350,1,1,77.04
5,86,12,56223,4,0,89.43
7,97,6,35517,0,1,83.75
6,83,4,88653,0,1,82.56
4,81,7,32250,2,1,82.78
1,93,13,94486,1,1,86.90
6,92,12,92895,2,0,89.84
1,91,14,99132,1,1,87.65
2,86,16,76798,3,1,91.37
1,81,14,64199,2,1,86.46
0,92,19,69546,2,0,88.01
7,93,17,98151,4,1,100
4,96,17,13327,2,0,88.09
3,88,1,39768,1,1,77.11
1,96,3,74418,4,1,83.36
6,87,0,52788,2,1,81.22
0,81,3,92384,2,0,76.56
3,92,17,56830,3,0,90.27
4,82,4,62446,2,0,79.77
3,95,18,25160,0,0,85.45
0,85,14,66583,4,0,86.48
7,98,7,43998,0,0,82.57
7,86,19,37230,4,1,97.85
5,89,16,19076,3,0,89.37
7,88,0,79341,2,1,83.55
5,81,11,41085,2,0,84.63
3,94,18,65571,2,0,90.16
2,84,14,24715,4,0,86.29
6,83,8,15750,2,1,84.81
6,99,6,88768,0,0,83.14
3,83,1,45903,2,0,75.97
1,97,8,82489,3,1,85.99
1,83,9,42093,0,1,79.13
7,96,1,97954,2,1,85.92
6,91,18,44314,2,1,94.12
6,96,10,58225,1,0,85.69
5,89,12,97985,4,1,94.10
2,80,9,93014,0,0,79.85
0,97,13,45179,1,0,81.58
1,97,17,35338,3,1,90.20
6,93,18,79681,4,0,96.48
5,94,8,42101,0,1,83.30
4,91,6,12775,2,0,79.69
5,83,2,55619,0,1,78.58
1,82,19,55838,2,1,89.74
1,99,5,29539,4,1,82.93
5,91,1,67124,2,1,82.05
0,86,5,75149,3,1,81.48
3,90,2,36616,2,1,79.30
1,80,15,89655,3,0,87.34
5,85,7,64567,4,0,86.14
6,94,1,47099,4,0,82.82
5,94,16,85831,0,1,91.13
2,98,8,71799,3,0,84.14
3,90,11,35479,3,1,87.14
4,81,2,56172,1,0,76.50
0,93,10,65863,1,0,80.03
7,81,0,52043,1,1,80.13
4,83,12,92569,2,0,87.05
3,96,14,25408,1,0,84.12
3,82,4,67980,3,0,80.51
3,92,16,92956,2,1,92.24
4,88,5,26351,4,0,82.21
6,86,10,14131,0,1,83.58
3,94,17,54825,1,0,87.49
5,90,3,21349,4,0,81.68
4,99,2,70931,3,0,81.80
7,81,12,54254,0,0,85.02
3,94,8,48225,4,1,87.42
5,93,5,22453,0,0,77.71
6,99,11,28814,1,1,87.68
2,90,1,28263,3,1,78.66
6,82,2,87694,0,0,78.59
7,96,2,25735,4,0,83.66
3,91,11,25830,1,1,83.90
7,100,14,57893,1,1,92.28
4,94,8,54673,4,0,86.29
1,95,7,99462,4,0,84.94
3,84,10,55066,0,0,80.09
1,99,15,13373,2,0,84.07
5,85,3,20335,1,0,76.85
2,98,0,33741,0,1,74.67
0,84,6,20692,4,0,78.44
7,82,1,57295,0,0,77.37
6,80,4,55541,4,1,86.43
2,85,6,44057,3,0,80.14
3,94,3,76983,4,0,82.81
1,81,4,29583,4,1,80.50
6,82,0,32765,4,0,80.26
1,96,0,69287,2,1,78.09
4,91,14,33906,4,0,89.31
1,97,19,95103,1,0,89.23
4,94,18,89675,1,0,90.83
5,91,9,56525,0,1,84.42
6,95,17,48230,2,1,93.97
6,87,2,29520,0,1,78.67
0,93,10,95238,1,1,83.83
3,96,14,61934,1,0,85.87
4,100,10,35566,3,1,88.34
0,87,16,83193,4,1,91.29
1,94,16,40134,1,1,86.55
1,93,5,20345,0,0,73.79
0,97,4,51185,0,0,73.97
6,99,7,80744,4,1,91.60
1,86,1,43455,4,1,79.48
7,82,15,38018,3,0,90.80
5,91,19,64219,2,1,94.83
5,100,11,55991,0,1,86.69
7,82,5,83616,4,1,89.64
0,99,0,97438,0,1,75.90
7,93,3,19486,4,0,83.79
4,94,16,48862,1,0,87.45
4,93,12,68870,0,0,84.00
0,86,17,96694,1,1,88.25
7,96,4,53856,0,1,83.09
4,91,2,96055,2,0,80.81
6,99,10,41379,3,0,88.05
7,83,12,74729,1,0,87.63
6,88,3,38378,4,1,85.65
4,85,13,64353,2,0,86.61
5,95,10,59996,0,1,85.68
4,100,9,24031,1,1,84.20
6,100,18,90072,0,0,91.91
2,81,17,75982,0,0,84.87
3,87,5,46683,0,1,78.78
1,90,14,27618,3,0,84.61
7,92,9,16587,3,0,86.43
2,96,4,72790,4,1,84.95
4,87,4,41480,1,1,80.20
5,100,9,30527,2,1,86.90
0,97,4,33569,2,1,78.39
4,97,2,21151,2,1,80.19
5,93,5,81094,0,0,80.52
3,94,3,69174,3,1,83.39
4,85,17,54739,1,1,89.98
6,90,8,42954,0,1,83.91
0,92,16,45303,3,0,86.13
5,80,12,44700,3,1,89.26
5,85,14,77568,1,1,89.87
5,88,19,76788,1,1,93.71
3,87,16,81045,1,0,87.36
4,90,12,47842,0,1,85.10
3,98,15,23900,4,1,91.66
7,88,3,90059,1,1,84.78
1,96,4,11881,4,0,78.69
1,91,4,43037,0,0,73.96
7,93,8,11630,4,0,87.00
4,94,16,30789,2,0,88.02
6,95,12,98059,4,1,95.64
3,99,1,93494,1,1,80.73
0,80,12,56151,0,0,78.32
5,89,18,58920,1,0,89.84
5,87,2,77231,2,1,82.87
4,97,9,90357,1,1,87.09
6,80,1,13262,1,0,75.55
1,81,12,76981,1,0,81.81
1,80,18,91972,3,0,89.60
5,80,16,85485,2,0,90.25
4,88,13,64722,1,1,87.87
3,92,11,99499,1,0,85.13
1,80,11,60818,1,0,80.22
3,92,10,39932,0,1,82.52
6,99,6,16901,3,1,86.40
1,86,3,18597,0,1,73.99
1,81,18,73909,3,1,91.23
2,85,0,82391,1,1,77.19
1,86,2,94214,2,0,77.37
7,93,12,18263,4,0,90.19
0,97,14,73293,4,0,87.95
7,94,1,35805,1,1,81.32
4,81,10,21874,0,0,79.17
4,89,3,96402,2,1,83.74
3,91,18,24079,3,0,89.32
7,96,16,59850,1,0,91.03
7,87,2,82779,2,1,85.05
7,90,17,19018,2,1,93.05
6,82,7,59500,3,0,85.13
1,85,18,22100,2,0,85.30
0,88,4,67021,0,0,73.87
3,85,6,29800,0,0,76.10
7,88,7,73400,0,0,83.02
7,86,4,39437,2,1,84.32
2,88,16,86537,0,1,87.72
3,97,4,56675,3,1,83.80
7,91,3,29942,2,1,83.62
3,87,18,30862,4,0,90.70
1,87,1,21669,2,0,73.28
2,97,10,63772,3,1,87.49
3,99,12,25916,4,0,87.31
0,94,14,20878,2,1,84.67
0,86,11,12985,0,0,76.11
4,90,10,83648,1,0,84.42
2,99,6,51235,1,0,78.95
2,95,4,28931,0,1,77.02
4,83,16,10336,1,1,86.94
3,85,19,52933,1,1,90.37
2,82,8,94899,0,1,81.80
0,88,13,55536,0,0,79.78
0,89,11,79504,2,0,82.45
7,93,5,61148,2,0,84.35
1,90,16,26279,0,0,81.68
2,97,18,78665,3,1,93.94
3,91,18,81386,1,0,89.19
4,91,15,96124,2,0,90.14
4,92,11,87485,1,0,85.51
3,92,11,84055,4,1,91.09
6,98,19,87273,0,1,94.69
5,98,5,76670,3,1,87.48
1,93,3,86474,4,0,81.26
4,83,5,64028,4,1,85.92
2,92,10,81128,4,0,86.88
1,87,0,28108,0,0,70
2,100,14,62495,2,0,86.76
6,98,10,92806,0,1,88.50
0,91,18,86533,2,1,90.40
1,97,17,66830,4,0,90.75
7,85,16,84640,4,0,95.47
4,97,18,62509,3,1,95.08
1,98,13,76406,2,1,87.95
1,84,17,49519,4,1,91.07
1,88,18,59649,1,0,85.95
5,82,14,44524,3,0,88.48
1,89,14,43885,0,0,80.99
2,98,3,54369,3,1,82.11
0,82,6,40676,1,1,77.29
6,94,12,74093,2,1,91.52
3,80,2,57764,0,0,74.09
1,86,15,60799,0,0,82.23
4,91,8,89414,2,1,87.19
1,96,7,82307,3,0,82.78
4,100,19,92062,4,1,98.94
2,99,12,41923,3,0,85.68
4,84,16,88388,1,1,90.77
7,83,16,57574,4,0,93.99
3,91,16,53391,3,0,89.29
0,99,0,63664,2,1,77.15
4,97,7,77384,1,1,85.03
4,96,18,41027,1,1,91.09
0,98,5,45464,1,1,78.34
3,88,2,44485,4,1,82.36
1,83,4,29456,0,0,72.55
4,100,12,84795,4,1,93.57
0,81,14,45554,3,1,86.04
7,83,13,56922,0,1,88.45
7,81,15,23409,3,0,90.01
2,94,17,79327,0,1,88.66
0,81,10,46639,4,1,84.66
2,83,2,73627,1,1,78.01
7,85,9,93424,2,0,88.00
3,86,9,29692,1,0,79.78
1,89,15,99037,4,1,92.48
0,98,11,88840,0,0,80.89
6,98,1,64200,1,1,82.10
7,91,8,67415,4,0,89.48
7,82,2,28074,3,1,83.39
6,92,14,25549,2,0,88.05
5,97,2,39963,1,1,80.61
7,87,18,62265,0,1,92.68
4,100,17,26061,3,0,90.52
3,94,7,68226,4,1,87.65
0,80,16,38810,2,1,85.63
6,82,7,70006,0,1,83.72
4,87,6,32800,4,1,85.53
6,83,6,85476,4,0,87.19
0,95,2,79460,1,1,77.52
2,89,0,67767,1,0,74.48
0,91,3,38054,0,0,72.05
5,93,4,85319,4,0,85.75
0,93,0,55397,1,0,72.35
0,81,14,23233,2,1,83.54
5,84,4,35068,2,1,82.00
3,84,12,75727,4,0,88.25
7,85,7,80453,1,1,86.90
0,92,7,35832,0,0,74.91
5,88,4,96242,0,1,82.44
4,94,8,23682,0,1,81.46
2,93,0,33383,2,1,77.04
2,86,3,68160,1,0,76.36
0,99,2,33666,1,0,73.32
3,81,1,68817,2,1,79.26
3,86,7,44642,0,0,77.63
4,85,8,51830,0,0,79.55
0,96,1,20234,4,1,78.37
2,81,13,67616,3,0,85.90
3,82,13,19221,1,1,84.16
0,84,3,21410,1,1,74.41
6,84,5,90055,1,1,84.87
3,80,10,71413,3,0,84.79
5,87,2,11051,4,1,82.58
6,91,7,85301,3,1,89.62
7,83,2,86918,0,0,79.60
3,92,13,88116,0,0,84.59
2,94,12,66563,1,0,83.51
1,90,12,54757,2,0,83.04
6,89,1,87475,1,1,82.36
7,82,12,61257,2,0,88.33
4,93,18,10307,3,0,89.81
4,95,5,66889,0,0,79.07
2,89,15,78895,2,0,87.21
3,89,1,45944,3,1,80.37
0,91,7,48134,0,0,75.40
3,88,16,37323,2,1,89.19
2,80,1,81762,1,0,75.00
4,84,9,97225,1,1,86.17
3,99,15,35954,1,1,88.02
4,87,5,65021,3,0,82.53
6,90,1,99959,1,1,83.05
7,91,1,89866,4,0,85.53
0,80,12,80427,0,1,81.88
6,99,14,14992,3,1,92.05
4,90,1,11961,1,1,76.93
4,84,6,22497,0,0,76.62
1,94,2,42551,2,1,78.05
1,84,7,86384,1,0,78.95
6,91,13,65755,0,1,88.68
5,84,6,23255,4,1,85.74
6,96,6,14567,2,1,84.56
1,96,0,58847,4,1,80.46
4,91,16,58003,0,1,88.55
2,94,8,30389,4,1,85.61
6,94,12,54523,0,0,85.32
4,85,18,71576,0,0,87.67
2,91,18,53919,4,0,91.23
2,99,16,92103,0,1,89.04
1,97,9,13358,1,0,78.14
6,93,9,98535,0,1,87.57
3,81,3,86524,3,0,80.59
0,88,7,15698,0,0,73.56
1,84,19,76809,3,1,92.37
1,99,19,65805,0,1,88.97
3,80,17,41349,0,0,84.07
0,82,13,86777,4,0,86.44
4,85,17,60248,1,0,87.85
5,84,13,85033,1,0,87.02
6,100,19,54041,2,1,96.16
5,84,14,41954,4,0,89.99
4,80,3,18002,4,1,82.00
7,96,12,79783,1,1,91.51
1,98,7,97234,4,0,85.12
0,93,17,29738,1,1,85.72
1,91,11,20703,4,0,83.66
2,89,13,59422,0,1,84.36
1,99,1,93106,1,1,78.80
1,100,17,71899,1,0,86.97
4,97,1,22392,3,1,80.96
4,90,10,54724,4,1,89.74
4,81,8,42299,4,0,84.45
5,97,11,25641,1,1,86.38
2,86,16,89534,0,1,87.67
7,94,14,16305,0,0,85.89
7,90,16,28782,0,0,87.54
4,97,17,88257,4,1,97.03
0,91,5,87963,3,1,82.57
5,85,16,30566,1,1,89.06
3,99,17,77766,2,0,90.50
0,92,7,16511,3,1,80.68
6,99,8,36177,2,1,87.32
6,95,5,14765,3,1,85.19
0,97,4,30354,0,1,75.37
4,89,11,33929,4,1,89.36
3,87,10,38820,2,1,84.86
3,97,0,39523,3,0,77.72
5,100,10,81088,4,0,90.52
3,80,18,76163,2,1,91.72
6,87,8,87525,1,1,87.19
2,85,1,23780,3,0,75.58
4,84,11,16589,1,0,81.36
3,94,3,44812,0,0,75.53
5,94,3,55939,1,1,81.80
6,81,17,61493,1,1,91.83
2,80,14,50953,3,1,88.12
1,90,18,75785,0,1,87.87
1,89,12,29309,1,0,80.29
2,97,18,64195,4,0,92.29
6,97,16,35901,2,0,90.46
5,96,5,33576,1,0,79.97
2,87,15,41508,0,1,84.75
4,94,11,84711,1,1,87.97
4,87,18,35464,2,0,89.01
1,96,4,70281,0,0,75.74
3,91,16,26260,3,0,87.99
5,87,0,45440,0,0,74.65
1,93,9,66683,3,0,83.18
3,83,14,51430,0,1,85.08
3,80,10,11987,2,1,82.91
7,80,12,35105,2,0,86.88
4,98,4,88484,0,0,79.68
6,95,0,23026,1,0,76.74
0,93,11,78309,2,1,85.17
6,100,10,55927,3,1,91.23
0,95,16,85414,3,1,90.73
2,84,3,67535,4,0,80.45
4,88,14,52946,3,1,90.89
3,81,8,66561,4,0,84.66
5,97,19,20377,0,1,90.44
0,85,18,63592,0,1,85.85
6,88,18,17347,0,1,89.67
3,80,11,43776,1,0,81.32
0,88,4,13783,1,0,72.75
0,95,9,65798,4,1,86.20
7,92,16,14298,3,0,91.34
0,88,4,80204,3,0,78.80
5,100,15,96207,0,0,89.09
4,92,6,65161,2,0,82.29
5,88,8,70652,1,0,83.13
1,90,2,44484,1,0,73.94
3,83,14,30922,0,0,81.71
4,81,15,44028,1,1,87.65
7,85,17,30316,0,0,87.85
4,93,13,86996,4,0,91.33
4,83,2,26968,3,1,80.56
6,85,11,40266,2,1,88.33
4,98,8,34000,3,1,86.64
7,85,6,24011,3,1,86.35
5,81,8,12866,4,0,84.00
4,97,12,15898,1,1,85.68
2,92,17,28395,2,1,88.91
3,88,4,49019,1,0,77.31
4,98,12,14006,3,0,86.16
3,92,3,44393,0,0,75.32
2,90,1,20956,3,1,78.31
2,80,15,60042,1,0,84.01
3,86,8,16078,3,1,83.68
0,100,8,39631,0,0,76.57
1,94,5,72901,4,0,82.14
6,80,10,79497,1,1,87.57
0,91,0,51574,3,0,74.85
0,86,3,41417,1,0,73.17
5,94,12,98020,4,0,92.19
6,100,12,93639,3,0,92.08
6,98,12,75006,3,0,90.99
0,80,1,49454,1,1,73.93
4,96,8,11587,1,1,82.51
5,96,7,64710,0,0,81.46
5,82,6,96567,4,1,89.06
2,91,3,85886,0,1,78.64
7,85,17,28816,3,1,94.48
6,90,2,95824,1,0,81.18
0,82,5,39432,3,0,77.00
2,87,11,58617,3,0,84.61
3,93,11,82373,2,1,88.24
1,93,7,44217,2,1,81.63
7,89,0,30884,3,0,80.37
7,81,3,15454,1,0,78.14
7,93,10,84960,3,1,92.91
5,88,2,53618,2,1,81.84
3,82,12,93948,1,0,84.63
7,100,16,72671,3,1,97.29
3,87,9,57111,4,1,87.89
4,95,11,49613,4,1,90.69
7,81,14,95678,3,1,95.14
1,85,9,69993,1,1,82.09
3,100,13,18848,3,1,88.74
3,91,12,88672,3,1,90.50
1,84,4,76125,2,0,77.75
7,81,5,96444,4,0,87.76
1,95,1,71602,2,1,78.82
3,84,16,82045,2,1,90.95
1,94,3,52222,3,1,80.67
3,91,13,59223,2,0,85.98
3,83,9,75333,4,0,85.99
4,94,2,62732,2,1,81.89
0,90,2,59420,4,0,78.00
3,95,14,85504,2,1,90.73
7,85,5,12462,4,1,86.52
2,93,16,19460,2,1,87.86
5,97,11,19275,2,1,87.51
6,91,19,23269,1,1,92.39
0,90,10,75942,4,1,86.92
0,92,3,82920,4,1,82.43
0,100,5,32553,4,0,79.82
4,90,0,34366,0,1,75.84
3,95,19,54036,2,0,90.42
4,94,15,27369,4,1,92.40
3,100,14,21795,0,1,85.29
7,94,16,80021,1,0,91.81
4,83,7,78154,4,0,85.64
4,90,11,40143,4,1,89.76
5,98,9,39425,0,0,81.88
2,94,14,98209,2,1,90.29
4,83,8,85139,1,1,84.78
5,100,1,15368,4,0,80.92
1,92,4,14621,2,0,75.57
2,98,5,68829,1,0,78.98
7,81,6,70294,3,0,85.79
4,93,0,24719,3,1,79.98
6,83,6,39227,1,0,80.67
0,95,19,17566,0,0,82.93
1,100,11,22306,1,0,80.29
1,99,15,63822,1,0,85.05
7,93,15,34042,0,0,87.36
5,94,10,25086,0,1,83.92
1,82,3,27387,2,1,76.90
2,87,12,37042,2,0,82.86
4,95,6,99424,0,0,81.35
4,89,3,61618,3,1,83.51
6,83,14,28323,3,0,88.76
7,97,18,28019,1,1,93.43
0,81,8,85426,4,1,85.08
5,96,10,50863,1,0,84.38
0,92,7,20283,1,1,77.99
1,83,0,28279,4,0,75.36
7,90,7,56999,0,0,82.43
6,86,12,72780,3,1,92.13
0,91,3,32908,1,1,75.63
2,89,7,71584,4,0,83.99
4,86,2,60225,2,1,81.00
1,92,8,47952,1,0,78.60
6,86,1,47663,3,1,83.04
0,96,1,71381,0,1,75.08
5,89,12,57929,1,0,85.49
2,89,14,19343,1,0,82.21
2,83,11,86173,4,0,86.98
0,99,3,49791,2,1,78.64
4,83,7,39134,2,0,80.90
0,86,8,57101,0,0,76.07
1,80,4,79443,3,1,81.35
0,91,19,67530,0,1,87.33
2,92,17,56799,1,0,86.44
6,89,10,14827,1,0,82.95
0,94,14,72653,2,0,84.76
4,92,8,23699,3,0,83.18
7,100,16,15313,4,1,95.98
6,88,11,23598,3,1,89.25
5,88,6,38807,1,0,80.17
3,94,9,80423,4,0,87.28
0,89,9,79390,3,0,82.45
4,89,12,55226,3,1,89.66
6,87,18,69550,4,0,95.42
4,95,10,90072,1,0,85.21
5,96,12,13558,3,1,89.30
2,84,7,85308,4,1,86.56
4,83,7,60113,1,0,80.47
6,97,3,62999,4,0,85.30
4,98,14,65878,4,1,93.91
4,83,10,46343,3,0,84.84
4,86,10,68219,1,0,83.30
1,89,0,45186,3,1,77.70
1,97,16,46966,0,1,85.73
2,98,14,43769,0,1,85.19
0,83,19,63218,1,0,85.41
4,89,5,29229,4,1,84.83
5,80,14,85209,3,1,92.63
0,97,8,37877,3,0,80.51
5,84,13,68001,1,0,86.21
0,94,17,48084,1,1,86.69
2,96,16,91780,0,1,88.73
4,82,17,26806,2,0,87.40
4,91,4,98635,1,0,80.93
3,81,19,47034,2,1,91.14
5,80,19,50317,1,1,91.68
0,100,8,65468,4,0,83.55
0,96,10,29094,4,1,85.26
7,95,0,67796,0,0,78.40
7,84,17,20589,0,1,89.68
1,94,5,67221,2,0,79.00
3,82,1,11657,1,0,72.80
6,86,14,49531,3,1,92.45
7,90,13,62227,0,1,89.38
6,89,4,13164,3,0,81.43
1,88,5,93973,3,1,83.53
1,93,5,51247,1,1,79.09
1,92,17,29601,2,1,88.01
5,81,13,60599,1,0,85.57
5,82,9,81545,0,1,84.75
2,86,13,14552,3,1,86.24
2,100,12,19417,1,0,81.83
1,97,2,68579,1,1,78.15
3,82,5,78207,1,1,81.24
0,89,7,82055,0,0,76.83
5,86,11,88270,2,0,87.37
3,88,12,13722,1,1,83.76
4,96,10,80442,0,1,85.80
5,90,11,50031,3,0,87.36
5,86,0,89235,4,0,82.39
2,93,16,31438,0,1,85.56
0,98,15,68819,4,1,90.94
0,83,10,53856,1,1,80.89
7,85,12,43576,1,0,86.33
6,89,17,51938,0,1,90.70
6,86,10,59028,4,0,89.08
6,92,11,69807,1,0,86.58
6,93,5,59877,3,0,84.77
4,83,8,53461,2,1,84.70
4,87,15,50469,2,1,89.96
5,84,3,93136,1,1,82.63
1,80,2,30435,4,0,76.61
2,83,15,94117,1,1,88.32
2,82,11,24191,4,0,83.92
6,88,10,94726,3,0,89.54
5,87,4,37386,4,0,82.88
7,80,17,41721,1,0,89.35
3,85,18,64786,3,0,90.70
1,88,5,23704,0,0,73.47
5,86,17,66635,2,1,93.03
1,83,5,12123,1,0,73.87
1,92,3,72993,1,1,78.60
1,96,11,90122,1,0,83.15
5,81,18,35416,3,1,93.21
6,84,1,11814,0,1,76.82
2,91,16,88537,4,1,93.84
2,100,10,60258,0,1,83.30
6,87,10,26508,3,0,86.19
1,85,15,95166,1,0,85.21
3,87,1,88916,2,0,78.41
0,97,1,45699,1,0,72.99
5,82,7,56335,4,1,87.85
0,91,12,56806,2,1,84.67
7,82,9,87853,1,1,88.40
6,85,7,73768,2,0,84.67
3,81,3,45739,0,1,76.72
5,91,14,44785,3,0,89.36
6,81,0,41980,1,1,78.70
1,85,10,99335,4,1,88.52
2,96,6,95016,0,1,81.71
0,82,16,11609,1,1,83.08
4,81,19,76253,0,1,90.62
4,99,17,95481,4,0,95.18
3,87,11,38141,1,1,84.11
1,91,8,40009,4,0,82.43
7,83,4,16782,2,0,80.55
0,84,9,35933,4,0,81.33
1,92,3,87154,2,0,78.32
0,94,4,18307,1,0,73.54
3,95,9,85874,2,0,84.77
3,89,10,48346,1,0,81.68
7,95,9,60772,1,0,85.96
4,91,7,82084,3,1,87.55
1,96,1,50149,1,1,76.46
5,95,7,96700,2,0,85.76
4,91,15,37526,3,0,88.77
1,87,4,95712,3,0,80.41
4,99,2,78477,1,1,81.69
5,82,11,15695,4,1,88.78
2,95,12,49169,4,0,87.08
2,92,12,57947,3,0,85.78
7,98,9,57224,1,1,88.47
2,87,3,55865,4,1,82.57
2,84,8,35553,1,0,78.20
6,99,1,70410,1,0,80.10
0,87,18,34816,3,0,86.58
6,91,0,65026,3,0,81.23
6,80,6,60705,0,1,82.37
7,100,16,71922,4,1,98.69
6,99,2,83914,4,0,85.77
2,85,19,11881,4,0,89.36
5,97,19,49567,2,0,92.31
7,87,2,57365,1,1,82.40
7,86,2,89211,3,0,84.31
3,80,16,80122,4,0,90.95
7,100,6,35006,0,0,81.62
3,95,13,51198,4,1,91.24
7,91,16,32831,1,0,89.26
0,85,17,26459,1,1,84.80
2,99,12,42443,3,0,85.70
7,81,19,52316,2,0,92.83
2,93,19,74486,3,0,91.69
2,83,17,15877,4,1,90.32
4,80,3,49553,0,0,75.37
7,97,0,14922,3,0,80.37
1,92,17,14686,2,1,87.29
4,81,0,42766,3,1,79.69
1,88,12,89943,1,1,85.49
2,100,19,42006,4,0,92.24
2,81,19,41422,4,1,92.78
4,88,9,22205,4,0,84.88
4,80,10,96590,4,1,90.78
1,90,8,33527,4,1,84.42
3,82,8,28443,4,1,85.32
1,99,4,26524,0,0,73.94
4,83,0,38202,2,0,75.84
5,97,16,75552,4,0,94.27
4,85,1,56142,2,0,77.60
5,82,12,71692,4,0,89.78
0,90,8,92384,3,0,82.45
4,94,3,30855,4,0,81.56
0,84,4,93747,1,0,76.20
3,99,10,70372,0,0,82.26
1,89,18,35095,3,1,90.14
5,91,2,48724,3,1,83.32
1,94,11,59241,1,0,81.48
0,96,18,62003,4,0,90.18
5,89,18,78379,0,0,89.34
1,85,12,25972,3,0,82.62
4,97,6,32927,0,1,80.75
2,92,14,76630,3,1,90.50
0,82,6,62347,4,0,80.24
1,89,7,98860,3,1,85.29
0,93,4,96210,3,1,82.44
6,85,13,79518,2,0,89.25
0,82,3,55283,4,0,77.75
5,95,9,91326,1,0,85.51
6,86,19,22205,1,0,89.47
7,99,14,99874,4,1,98.50
5,93,17,22748,1,0,87.78
2,88,19,31097,4,1,92.96
6,94,12,13092,1,0,84.78
7,100,7,63311,2,1,88.95
4,82,8,32692,1,0,79.78
0,81,15,33862,3,0,83.81
1,81,18,89507,4,1,93.41
3,82,15,90152,0,1,87.56
0,97,6,80469,0,1,79.20
7,93,13,14926,4,0,90.75
0,99,13,13969,2,1,84.10
2,97,3,45733,1,1,78.73
4,89,14,79855,2,1,90.84
3,81,2,51743,0,1,76.29
6,80,4,49876,4,1,86.16
6,83,0,30323,4,1,82.64
6,93,2,26428,2,1,81.97
7,80,14,44578,2,1,91.16
5,93,7,96486,1,1,86.52
5,95,3,74140,3,0,83.25
1,93,1,93829,3,0,78.74
3,99,9,16364,1,1,82.78
6,82,3,45349,3,0,81.58
5,82,2,10691,0,0,73.95
7,88,1,76467,3,1,85.56
1,85,16,55896,1,1,86.44
4,92,19,67062,3,1,95.54
1,100,12,89762,4,1,90.93
5,81,4,23861,2,1,81.18
2,87,8,98302,0,1,82.44
7,100,5,73928,4,0,88.50
2,81,4,93231,4,1,84.50
6,83,9,51347,1,0,83.40
2,94,7,13121,2,1,81.19
6,83,6,93793,2,1,87.11
6,92,6,38164,0,0,80.04
5,91,5,35491,1,1,81.97
2,92,19,69222,0,1,89.42
6,93,2,33165,3,0,81.34
3,99,18,13748,4,1,93.42
4,97,14,36553,0,0,84.27
1,85,3,70380,4,1,82.11
1,90,11,54331,1,1,83.26
5,81,5,49560,3,0,82.17
2,98,18,63865,1,1,90.46
2,98,3,56686,3,0,79.83
6,84,14,85910,3,0,91.61
7,98,8,14675,4,0,87.63
0,81,4,76706,1,1,77.49
6,89,12,87986,1,1,90.27
4,81,17,86216,0,0,87.27
3,90,4,20068,1,1,78.51
1,97,15,64460,0,1,85.85
6,94,18,56418,2,1,94.98
0,88,13,36206,2,0,81.72
0,98,15,10287,2,1,85.27
6,88,14,32337,1,0,86.56
5,82,3,30666,1,1,79.45
1,100,6,11161,0,1,77.13
5,88,15,48751,3,0,89.98
3,93,7,92063,0,1,82.96
0,98,16,99389,2,0,87.85
0,86,15,24758,0,1,81.94
4,95,9,75780,3,0,86.68
3,95,9,13178,1,1,82.25
0,80,1,41831,0,1,72.13
3,83,8,12176,2,1,81.77
1,83,16,43654,2,0,84.71
2,86,10,36627,1,0,79.88
0,87,9,62550,0,0,77.14
4,96,16,54910,3,1,93.19
1,84,3,68251,1,0,75.22
6,86,15,45422,0,0,86.28
3,99,19,21984,4,0,92.14
6,99,14,99312,2,0,92.25
5,83,4,71386,3,0,82.69
1,85,5,93291,3,0,80.82
6,86,16,17135,3,0,89.95
7,97,0,10320,2,0,78.71
7,84,18,31684,0,0,88.54
0,99,3,65913,1,0,75.58
3,82,16,98774,0,1,88.69
2,86,8,31889,1,1,80.61
1,93,1,58899,3,0,77.07
0,86,7,20770,0,1,76.01
4,84,14,49321,3,1,90.34
5,84,6,95962,4,0,86.83
3,81,5,51777,3,0,80.36
1,100,0,56250,3,0,76.89
7,85,14,83034,1,1,92.05
1,94,6,50130,4,0,81.77
2,100,16,91931,3,1,93.43
7,89,1,59346,3,0,82.45
2,86,8,12537,4,1,83.99
4,84,8,94762,4,1,89.64
5,80,12,25216,0,0,81.63
4,92,5,94149,1,0,81.53
0,100,5,13009,4,1,81.28
0,97,19,99904,4,1,95.20
4,92,19,39327,2,0,90.39
5,100,2,24209,4,0,82.06
4,100,16,58443,1,1,90.87
5,97,16,25029,3,0,90.42
5,84,11,77613,3,1,90.50
6,92,15,89443,3,0,93.26
7,83,14,66997,3,0,91.57
3,96,12,72559,2,0,86.38
5,82,0,74892,4,1,83.72
2,96,16,80409,3,0,90.10
5,90,2,18635,0,1,77.48
5,100,14,43065,3,0,90.14
5,99,3,43783,4,1,86.01
6,100,3,44152,3,1,85.64
7,83,17,68741,2,0,92.37
6,81,16,61502,1,1,91.11
0,99,18,39092,1,1,87.46
6,95,10,27653,4,1,90.83
2,97,19,50469,1,1,90.44
2,87,2,96483,1,0,77.09
6,82,7,69754,0,0,81.32
7,88,13,39978,4,0,91.47
4,99,0,97592,4,1,85.47
3,85,13,53169,1,1,86.07
7,89,1,58287,1,0,79.52
6,100,3,64745,1,0,81.36
5,89,18,15543,2,1,91.59
1,92,5,66392,3,0,80.20
3,96,0,31067,2,0,75.78
3,88,16,61033,4,1,93.20
2,96,7,55256,0,0,78.14
3,88,18,79345,3,1,94.07
6,88,0,32191,0,0,75.07
5,80,4,96803,4,1,87.44
5,81,15,82742,4,1,94.76
0,95,5,96593,0,1,79.06
5,80,7,38992,0,1,81.09
7,89,12,91531,0,1,89.97
5,97,15,58803,4,0,92.75
2,87,2,73477,1,0,75.99
5,100,18,23210,0,0,87.75
0,90,11,93329,3,1,87.04
1,81,15,36270,4,0,86.32
6,87,10,72008,2,1,89.32
2,87,9,15197,2,1,82.06
7,96,19,17452,3,0,94.03
1,94,3,51486,1,1,77.76
2,96,11,24859,0,0,79.55
4,92,1,37236,4,1,82.63
3,98,18,41899,0,1,88.93
4,84,4,42083,4,0,81.86
5,91,7,77708,2,1,86.86
1,80,6,26663,0,0,73.56
5,84,13,29053,3,1,89.61
3,87,2,21085,1,0,74.44
2,92,17,40564,3,1,90.92
3,87,15,99745,1,0,87.54
0,90,18,69095,0,0,84.20
3,80,18,79517,0,1,89.01
0,92,17,31153,1,0,83.30
3,98,19,15247,2,1,91.24
6,82,15,20553,4,1,92.84
0,96,7,30811,3,0,79.36
1,84,0,16135,3,0,73.44
5,99,16,15573,3,0,90.16
7,100,11,89267,0,0,87.80
5,87,10,17189,3,0,84.78
4,93,4,90077,4,1,87.41
5,83,11,53646,4,0,88.30
2,90,16,86623,1,1,89.35
6,99,5,63687,0,0,81.22
3,94,0,78312,4,0,80.72
4,98,4,37564,2,0,80.11
2,86,13,38835,0,1,83.09
2,98,4,71587,0,0,76.96
0,98,0,17697,4,1,77.73
5,90,17,90165,2,1,94.54
1,84,15,83922,1,1,86.97
7,84,8,27046,4,0,86.88
1,87,18,67823,2,1,90.08
4,89,4,83580,0,0,78.58
6,85,1,63370,2,1,82.26
1,94,14,19615,0,0,80.31
3,95,6,15060,4,1,84.49
1,96,3,86436,4,0,81.54
4,87,0,70519,3,0,79.20
7,87,12,81117,3,0,91.19
1,88,19,71158,3,1,92.48
3,81,6,44782,4,1,84.57
0,94,14,95709,1,0,84.42
6,97,13,88533,4,1,96.09
4,82,18,68255,2,1,92.49
0,96,19,82684,4,1,94.28
0,83,17,66918,4,1,90.85
0,83,9,94284,0,1,80.67
2,93,8,89558,0,1,82.60
6,88,7,95549,0,1,85.52
7,88,9,91422,4,0,91.06
5,97,16,35256,1,0,88.04
6,89,1,40005,2,1,81.52
2,100,5,16638,2,0,78.11
5,83,4,47419,1,0,78.67
6,91,8,43377,1,0,83.07
0,87,4,53116,2,1,78.37
4,81,17,46634,3,1,92.08
5,92,19,92291,0,1,93.40
3,100,8,33382,0,1,81.54
3,95,16,66063,2,1,91.24
1,81,16,32394,1,0,82.54
5,90,11,77789,3,1,91.08
4,89,6,10864,2,0,79.41
7,94,2,50222,0,1,81.29
2,96,9,23666,4,0,83.80
0,87,1,30955,1,1,73.72
1,97,2,91845,4,1,83.57
3,88,15,79590,2,1,90.50
2,87,1,76471,0,1,76.38
2,93,9,98314,3,1,88.04
0,97,5,53298,4,1,82.92
7,99,10,73108,3,0,90.52
7,99,6,58924,0,1,85.06
5,100,14,26709,4,0,90.79
3,91,5,19726,3,1,82.18
7,98,19,70824,3,0,96.77
4,93,8,50542,4,0,86.00
7,96,19,30245,0,0,90.34
2,100,11,44753,3,0,85.19
0,82,18,89788,2,0,87.30
4,86,19,31316,4,0,92.30
5,96,2,94698,1,1,83.13
3,91,14,25960,1,0,83.67
5,88,1,40791,0,1,77.63
2,94,1,35216,2,1,77.94
4,97,2,42467,3,0,80.25
4,100,5,74427,1,0,81.35
4,92,14,72047,0,1,87.89
2,100,9,83290,2,0,84.17
2,87,8,57014,2,0,80.95
5,93,0,14078,0,0,73.73
1,87,15,88389,0,0,83.64
5,93,5,60519,3,0,83.84
3,86,8,14042,0,0,76.88
0,91,3,59052,3,0,77.36
4,90,1,24389,3,1,80.39
1,90,3,78111,4,0,80.57
0,92,0,60733,2,1,76.34
1,97,18,44754,2,1,89.93
7,81,9,28624,2,1,86.91
7,100,14,95886,4,1,98.40
6,94,18,36681,3,0,93.08
7,99,15,99524,3,1,97.76
5,97,3,91006,0,1,82.33
7,94,1,34704,4,1,85.57
2,98,12,17493,0,1,82.50
4,91,0,79639,4,1,83.85
5,92,16,64383,0,0,87.52
0,90,12,12994,1,0,78.65
6,84,3,79280,2,1,84.36
6,80,6,57234,2,0,82.68
6,82,16,57291,3,0,91.49
0,98,8,15594,1,1,79.06
0,86,3,17371,2,1,75.84
0,91,18,57315,3,1,90.43
0,94,0,93564,1,0,74.27
6,84,9,89526,2,1,89.15
6,94,3,26626,0,0,77.53
1,87,8,96005,4,0,84.73
5,89,12,17130,1,0,83.54
4,95,13,16828,3,1,89.12
7,87,9,67514,1,0,85.52
7,80,5,62664,3,1,87.01
2,91,15,27883,1,1,85.92
6,84,5,53059,3,1,85.97
